Document ID,Content,
0,"Market analysts forecast a significant shift as emerging tech startups disrupt traditional industries. Investors are eyeing these innovations, predicting a new wave of economic growth driven by digital transformation and AI integration.",
1,Tonight's basketball game features the league's top scorers in a head-to-head matchup that's expected to break recent attendance records. Fans are eagerly anticipating a high-energy contest filled with record-breaking performances.,
2,"A severe weather alert has been issued for the coastal regions, expecting hurricane-strength winds and heavy rainfall over the weekend. Residents are advised to secure their properties and prepare emergency kits as the storm approaches.",
3,"Scientists have discovered a new exoplanet located within the habitable zone of its star system, sparking interest in potential life-supporting conditions. This finding opens up new discussions on space exploration and the possibility of extraterrestrial life.",
4,"As global supply chains face disruptions, companies are turning to AI-driven logistics solutions to streamline operations and reduce delays. This strategic shift is likely to redefine how goods are transported worldwide, emphasizing efficiency and sustainability.",
5,"The local soccer club won its first championship in a decade, thanks to a rejuvenated squad and tactical innovations by the new coach. This victory marks a turning point for the team, inspiring young athletes in the community.",
6,"Unusually mild winter temperatures have prompted early blooming in many regions, affecting local agriculture and wildlife patterns. Climatologists are studying these anomalies to better understand the impacts of climate change on seasonal cycles.",
7,"A recent breakthrough in nanotechnology has led to the development of more effective drug delivery systems, particularly in the treatment of chronic diseases. These advancements promise to improve patient outcomes and reduce healthcare costs.",
8,"The latest trend in the business world is the rise of sustainable practices as companies increasingly prioritize environmental impact in their operations, leading to innovations in green technology and corporate policies.",
9,Record-breaking sprint times at the national athletics championships have sparked discussions about advances in sports science and athlete training regimens that could redefine human limits in track and field.,
10,"Forecasters predict a sudden drop in temperatures across the northern regions, signaling an early onset of frost that could impact agricultural yields and prompt farmers to adapt their cultivation strategies.",
11,"New research into quantum computing has demonstrated significant advancements in solving complex problems faster than traditional computers, potentially revolutionizing fields from cryptography to pharmaceuticals.",
12,"Crypto markets have seen volatile fluctuations this month, with investors and regulators debating the potential for digital currencies to become mainstream financial instruments amidst concerns over security and market stability.",
13,"A surprising turn in the football league as underdogs climb the rankings, their success attributed to a rigorous training focus and a reshaped team strategy that emphasizes youth development and tactical flexibility.",
14,"This year's El Ni√±o phenomenon is expected to intensify, affecting weather patterns globally with potential for severe droughts and floods. Meteorologists and governments are urging preparedness to mitigate its impacts.",
15,"Researchers have engineered a new type of bio-degradable plastic that decomposes within a year, offering a promising solution to reducing global plastic pollution and its environmental impact.",
16,"E-commerce giants are exploring the use of drones for delivery to enhance efficiency and reduce the carbon footprint of their logistics networks, sparking regulatory debates on airspace safety and privacy concerns.",
17,"Today's marathon event showcases a lineup of international runners who are set to break long-standing records, drawing attention to the sport's growing popularity and the physical extremes athletes endure.",
18,"A rare astronomical event, a solar eclipse, promises to bring cooler temperatures and unique weather conditions that have piqued the interest of both professional and amateur meteorologists.",
19,"Advances in genetic editing have led to the first successful trials in curing hereditary diseases in vivo, presenting new possibilities in medical treatment and ethical debates surrounding gene therapy.",
20,"The rise of remote work has transformed urban economies as professionals relocate to less congested areas, prompting businesses to reconsider their physical office needs and real estate strategies.",
21,"The national volleyball team's revolutionary training techniques have propelled them to the top of world rankings, showcasing the importance of innovation and strategy in team sports.",
22,"Heavy snowfall in the mountain regions has led to record levels of snowpack, benefiting water supplies but also raising concerns about potential spring flooding and the challenges of climate adaptation.",
23,"Astronomers have detected radio signals emanating from a distant galaxy, suggesting the presence of complex celestial phenomena and sparking new theories about the universe's composition.",
24,"With the global push towards renewable energy, solar and wind power industries are experiencing unprecedented investment, challenging traditional energy sectors and reshaping economic landscapes.",
25,"An upcoming chess tournament features AI-powered analysis tools, highlighting the growing intersection of technology and sports strategy to enhance player performance and viewer engagement.",
26,"Regional climates are showing unusual patterns this year, with extended dry spells followed by intense rainfall, complicating water management efforts and agricultural planning.",
27,"The development of a new synthetic vaccine platform has shown promising results in rapidly responding to emerging infectious diseases, enhancing global health security and response capabilities.",
28,"Automotive manufacturers are accelerating the shift to electric vehicles, driven by consumer demand and regulatory pressures to reduce emissions, which is setting new competitive standards in the industry.",
29,A significant injury during the championship game has prompted a league-wide review of player safety protocols and equipment standards to better protect athletes and ensure the sport's integrity.,
30,"Predictive weather modeling is becoming more accurate thanks to AI, allowing for better preparedness and response strategies to natural disasters, benefiting economies and saving lives.",
31,"Oceanographers have discovered a new coral reef system that thrives in deep water, challenging previous assumptions about coral ecology and offering clues to how marine life adapts to changing environments.",
32,"Recent trade agreements between neighboring countries have opened new markets for small and medium enterprises, boosting local economies and fostering cross-border collaboration in various industries.",
33,"The integration of virtual reality into sports training programs is enhancing athletes' skills and decision-making abilities, offering a glimpse into the future of sports training technology.",
34,"The upcoming seasonal shift is expected to bring unusually warm weather, impacting winter sports industries and prompting early debates on the long-term effects of global warming on seasonal activities.",
35,"Neuroscientists have unveiled a new brain-mapping technique that provides unprecedented insight into neurological disorders, potentially leading to more effective treatments and understanding of brain function.",
36,"Financial technology startups are disrupting traditional banking by offering digital-only services that promise greater convenience and lower fees, attracting tech-savvy consumers and redefining personal finance.",
37,"In a historic move, the international cricket council has revised its rules to make the game faster and more dynamic, aiming to attract younger audiences and adapt to changing viewer preferences.",
38,"A shift in jet stream patterns has led to unexpected weather anomalies across the continent, challenging meteorologists to predict short-term climate conditions and impacting agriculture and industry.",
39,"The latest advancements in space travel technology have enabled more cost-effective satellite deployments, enhancing global communication networks and opening new possibilities for space exploration.",
40,"Retail giants are increasingly turning to AI for customer service, using chatbots and machine learning to personalize shopping experiences and streamline operations, setting new standards for consumer interaction.",
41,"The sports analytics market is booming as teams invest heavily in data-driven approaches to gain competitive edges, from optimizing player performance to enhancing fan engagement strategies.",
42,"An unusual cold snap in tropical regions has puzzled climatologists, prompting studies to understand the extent of climate variability and its implications on local and global scales.",
43,"Biologists have discovered a previously unknown species of insect in the Amazon rainforest that has unique adaptive traits, offering potential insights into biodiversity and ecosystem resilience.",
44,"A surge in cybersecurity threats has led companies to invest heavily in digital protection measures, highlighting the growing importance of cyber resilience in today's technology-dependent business environments.",
45,"The rise of e-sports has not only revolutionized the gaming industry but also challenged traditional notions of sports, drawing significant audiences and substantial investment.",
46,"Recent volcanic activity has had a noticeable effect on local weather patterns, including temperature drops and ash-induced rain, affecting air quality and public health.",
47,"Groundbreaking work in artificial photosynthesis has scientists hopeful for new ways to capture and store solar energy, mimicking natural processes to create clean, efficient energy solutions.",
48,"The shift towards remote work has not only changed where we work but also when, with more companies adopting flexible hours to accommodate global teams and improve work-life balance.",
49,"The introduction of automated officiating tools in professional tennis has sparked debate over the role of technology in sports, balancing accuracy with the traditional skills of human referees.",
,,
,,
,,
,tokens,"1,452 tokens"
,vocab,715 unique words
,topics,4
